OBJECTID,facilityid,geometry
1874,AS053027,"POINT (-95.43174791833076 29.736269877069777)"
1650,BW238056,"POINT (-95.58102367951174 29.709163659020955)"
520,HS001046B,"POINT (-95.2979162135915 29.81065826246687)"
913,II010161,"POINT (-95.32386876789334 29.75092910539327)"
1036,NE011005,"POINT (-95.21586495893436 29.764461487884592)"
738,SW009010,"POINT (-95.47111561949119 29.65111669315486)"
1450,SW053057,"POINT (-95.51737320175798 29.65031763422411)"
1262,TK207019,"POINT (-95.58849830585096 29.736677917472356)"
